[{"created_at":"Thu Mar 10 02:45:33 +0000 2016","id":707759265457553400,"id_str":"707759265457553409","text":"If I know you shit on my name behind my back you should know I don't fuck with you","source":"<a href=\"http://twitter.com/download/iphone\" rel=\"nofollow\">Twitter for iPhone</a>","truncated":false,"in_reply_to_status_id":null,"in_reply_to_status_id_str":null,"in_reply_to_user_id":null,"in_reply_to_user_id_str":null,"in_reply_to_screen_name":null,"user":{"id":1469449596,"id_str":"1469449596","name":"Reid","screen_name":"Reid_Higgins28","location":null,"url":null,"description":"I'm also the man in the purple sweater UA'18","protected":false,"verified":false,"followers_count":244,"friends_count":523,"listed_count":1,"favourites_count":859,"statuses_count":2463,"created_at":"Thu May 30 10:56:58 +0000 2013","utc_offset":null,"time_zone":null,"geo_enabled":true,"lang":"en","contributors_enabled":false,"is_translator":false,"profile_background_color":"C0DEED","profile_background_image_url":"http://abs.twimg.com/images/themes/theme1/bg.png","profile_background_image_url_https":"https://abs.twimg.com/images/themes/theme1/bg.png","profile_background_tile":false,"profile_link_color":"0084B4","profile_sidebar_border_color":"C0DEED","profile_sidebar_fill_color":"DDEEF6","profile_text_color":"333333","profile_use_background_image":true,"profile_image_url":"http://pbs.twimg.com/profile_images/693251648429383681/m8pXCoLY_normal.jpg","profile_image_url_https":"https://pbs.twimg.com/profile_images/693251648429383681/m8pXCoLY_normal.jpg","profile_banner_url":"https://pbs.twimg.com/profile_banners/1469449596/1443636099","default_profile":true,"default_profile_image":false,"following":null,"follow_request_sent":null,"notifications":null},"geo":null,"coordinates":null,"place":{"id":"94965b2c45386f87","url":"https://api.twitter.com/1.1/geo/id/94965b2c45386f87.json","place_type":"admin","name":"New York","full_name":"New York, USA","country_code":"US","country":"United States","bounding_box":{"type":"Polygon","coordinates":[[[-79.76259,40.477383],[-79.76259,45.015851],[-71.777492,45.015851],[-71.777492,40.477383]]]},"attributes":{}},"contributors":null,"is_quote_status":false,"retweet_count":0,"favorite_count":0,"entities":{"hashtags":[],"urls":[],"user_mentions":[],"symbols":[]},"favorited":false,"retweeted":false,"filter_level":"low","lang":"en","timestamp_ms":"1457577933073"},{"created_at":"Thu Mar 10 02:45:33 +0000 2016","id":707759267051348000,"id_str":"707759267051347968","text":"@BernieSanders is picking apart her sneaky lies and taking her apart...best part is she can't even deny it and won't #DemDebate","source":"<a href=\"http://twitter.com/download/iphone\" rel=\"nofollow\">Twitter for iPhone</a>","truncated":false,"in_reply_to_status_id":null,"in_reply_to_status_id_str":null,"in_reply_to_user_id":216776631,"in_reply_to_user_id_str":"216776631","in_reply_to_screen_name":"BernieSanders","user":{"id":136868018,"id_str":"136868018","name":"Scorsese Jr.","screen_name":"gingenio728","location":"New York","url":null,"description":"Jets Fan, Filmmaker, #FeelTheBern, ♌️. La Dolce Vita #Provethemwrong IG: gingenio728","protected":false,"verified":false,"followers_count":243,"friends_count":234,"listed_count":11,"favourites_count":6218,"statuses_count":11951,"created_at":"Sun Apr 25 04:11:05 +0000 2010","utc_offset":-18000,"time_zone":"Quito","geo_enabled":true,"lang":"en","contributors_enabled":false,"is_translator":false,"profile_background_color":"000000","profile_background_image_url":"http://abs.twimg.com/images/themes/theme9/bg.gif","profile_background_image_url_https":"https://abs.twimg.com/images/themes/theme9/bg.gif","profile_background_tile":false,"profile_link_color":"DD2E44","profile_sidebar_border_color":"000000","profile_sidebar_fill_color":"000000","profile_text_color":"000000","profile_use_background_image":false,"profile_image_url":"http://pbs.twimg.com/profile_images/703980869069963264/hB2WchRD_normal.jpg","profile_image_url_https":"https://pbs.twimg.com/profile_images/703980869069963264/hB2WchRD_normal.jpg","profile_banner_url":"https://pbs.twimg.com/profile_banners/136868018/1450028317","default_profile":false,"default_profile_image":false,"following":null,"follow_request_sent":null,"notifications":null},"geo":null,"coordinates":null,"place":{"id":"94965b2c45386f87","url":"https://api.twitter.com/1.1/geo/id/94965b2c45386f87.json","place_type":"admin","name":"New York","full_name":"New York, USA","country_code":"US","country":"United States","bounding_box":{"type":"Polygon","coordinates":[[[-79.76259,40.477383],[-79.76259,45.015851],[-71.777492,45.015851],[-71.777492,40.477383]]]},"attributes":{}},"contributors":null,"is_quote_status":false,"retweet_count":0,"favorite_count":0,"entities":{"hashtags":[{"text":"DemDebate","indices":[117,127]}],"urls":[],"user_mentions":[{"screen_name":"BernieSanders","name":"Bernie Sanders","id":216776631,"id_str":"216776631","indices":[0,14]}],"symbols":[]},"favorited":false,"retweeted":false,"filter_level":"low","lang":"en","timestamp_ms":"1457577933453"},{"created_at":"Thu Mar 10 02:45:35 +0000 2016","id":707759273917321200,"id_str":"707759273917321216","text":"Probably gonna miss watching you play more than anything 🏒❤️  so proud of you Garrett https://t.co/a9K4Y7UjRe","source":"<a href=\"http://twitter.com/download/iphone\" rel=\"nofollow\">Twitter for iPhone</a>","truncated":false,"in_reply_to_status_id":null,"in_reply_to_status_id_str":null,"in_reply_to_user_id":null,"in_reply_to_user_id_str":null,"in_reply_to_screen_name":null,"user":{"id":3344457887,"id_str":"3344457887","name":"Alexsandra Burdick❁","screen_name":"alexsandraleah","location":"New Hartford, NY","url":null,"description":null,"protected":false,"verified":false,"followers_count":193,"friends_count":118,"listed_count":0,"favourites_count":1424,"statuses_count":858,"created_at":"Wed Jun 24 19:13:06 +0000 2015","utc_offset":null,"time_zone":null,"geo_enabled":true,"lang":"en","contributors_enabled":false,"is_translator":false,"profile_background_color":"C0DEED","profile_background_image_url":"http://abs.twimg.com/images/themes/theme1/bg.png","profile_background_image_url_https":"https://abs.twimg.com/images/themes/theme1/bg.png","profile_background_tile":false,"profile_link_color":"0084B4","profile_sidebar_border_color":"C0DEED","profile_sidebar_fill_color":"DDEEF6","profile_text_color":"333333","profile_use_background_image":true,"profile_image_url":"http://pbs.twimg.com/profile_images/684202870254747648/WM5VTpha_normal.jpg","profile_image_url_https":"https://pbs.twimg.com/profile_images/684202870254747648/WM5VTpha_normal.jpg","profile_banner_url":"https://pbs.twimg.com/profile_banners/3344457887/1456459558","default_profile":true,"default_profile_image":false,"following":null,"follow_request_sent":null,"notifications":null},"geo":null,"coordinates":null,"place":{"id":"94965b2c45386f87","url":"https://api.twitter.com/1.1/geo/id/94965b2c45386f87.json","place_type":"admin","name":"New York","full_name":"New York, USA","country_code":"US","country":"United States","bounding_box":{"type":"Polygon","coordinates":[[[-79.76259,40.477383],[-79.76259,45.015851],[-71.777492,45.015851],[-71.777492,40.477383]]]},"attributes":{}},"contributors":null,"is_quote_status":false,"retweet_count":0,"favorite_count":0,"entities":{"hashtags":[],"urls":[],"user_mentions":[],"symbols":[],"media":[{"id":707759260747350000,"id_str":"707759260747350016","indices":[86,109],"media_url":"http://pbs.twimg.com/media/CdJ3TDtWwAAO_EE.jpg","media_url_https":"https://pbs.twimg.com/media/CdJ3TDtWwAAO_EE.jpg","url":"https://t.co/a9K4Y7UjRe","display_url":"pic.twitter.com/a9K4Y7UjRe","expanded_url":"http://twitter.com/alexsandraleah/status/707759273917321216/photo/1","type":"photo","sizes":{"thumb":{"w":150,"h":150,"resize":"crop"},"small":{"w":340,"h":191,"resize":"fit"},"medium":{"w":600,"h":337,"resize":"fit"},"large":{"w":1024,"h":576,"resize":"fit"}}}]},"extended_entities":{"media":[{"id":707759260747350000,"id_str":"707759260747350016","indices":[86,109],"media_url":"http://pbs.twimg.com/media/CdJ3TDtWwAAO_EE.jpg","media_url_https":"https://pbs.twimg.com/media/CdJ3TDtWwAAO_EE.jpg","url":"https://t.co/a9K4Y7UjRe","display_url":"pic.twitter.com/a9K4Y7UjRe","expanded_url":"http://twitter.com/alexsandraleah/status/707759273917321216/photo/1","type":"photo","sizes":{"thumb":{"w":150,"h":150,"resize":"crop"},"small":{"w":340,"h":191,"resize":"fit"},"medium":{"w":600,"h":337,"resize":"fit"},"large":{"w":1024,"h":576,"resize":"fit"}}},{"id":707759260755742700,"id_str":"707759260755742720","indices":[86,109],"media_url":"http://pbs.twimg.com/media/CdJ3TDvW0AAku8-.jpg","media_url_https":"https://pbs.twimg.com/media/CdJ3TDvW0AAku8-.jpg","url":"https://t.co/a9K4Y7UjRe","display_url":"pic.twitter.com/a9K4Y7UjRe","expanded_url":"http://twitter.com/alexsandraleah/status/707759273917321216/photo/1","type":"photo","sizes":{"small":{"w":340,"h":425,"resize":"fit"},"thumb":{"w":150,"h":150,"resize":"crop"},"medium":{"w":600,"h":750,"resize":"fit"},"large":{"w":750,"h":937,"resize":"fit"}}},{"id":707759260776714200,"id_str":"707759260776714240","indices":[86,109],"media_url":"http://pbs.twimg.com/media/CdJ3TD0W0AATMxL.jpg","media_url_https":"https://pbs.twimg.com/media/CdJ3TD0W0AATMxL.jpg","url":"https://t.co/a9K4Y7UjRe","display_url":"pic.twitter.com/a9K4Y7UjRe","expanded_url":"http://twitter.com/alexsandraleah/status/707759273917321216/photo/1","type":"photo","sizes":{"small":{"w":340,"h":255,"resize":"fit"},"medium":{"w":600,"h":450,"resize":"fit"},"thumb":{"w":150,"h":150,"resize":"crop"},"large":{"w":1024,"h":768,"resize":"fit"}}},{"id":707759261724622800,"id_str":"707759261724622848","indices":[86,109],"media_url":"http://pbs.twimg.com/media/CdJ3THWWwAAgqkk.jpg","media_url_https":"https://pbs.twimg.com/media/CdJ3THWWwAAgqkk.jpg","url":"https://t.co/a9K4Y7UjRe","display_url":"pic.twitter.com/a9K4Y7UjRe","expanded_url":"http://twitter.com/alexsandraleah/status/707759273917321216/photo/1","type":"photo","sizes":{"thumb":{"w":150,"h":150,"resize":"crop"},"small":{"w":340,"h":605,"resize":"fit"},"medium":{"w":600,"h":1067,"resize":"fit"},"large":{"w":750,"h":1334,"resize":"fit"}}}]},"favorited":false,"retweeted":false,"possibly_sensitive":false,"filter_level":"low","lang":"en","timestamp_ms":"1457577935090"},{"created_at":"Thu Mar 10 02:45:42 +0000 2016","id":707759303474618400,"id_str":"707759303474618369","text":"Cant have this said enough. Ss will reach high standards. Just need help getting them there #sblchat  https://t.co/gKfL9lmRSO","source":"<a href=\"http://twitter.com/download/android\" rel=\"nofollow\">Twitter for Android</a>","truncated":false,"in_reply_to_status_id":null,"in_reply_to_status_id_str":null,"in_reply_to_user_id":null,"in_reply_to_user_id_str":null,"in_reply_to_screen_name":null,"user":{"id":1666542037,"id_str":"1666542037","name":"Colleen Heilsberg","screen_name":"Ms_Heilsberg","location":"Albany, NY","url":null,"description":"Social Studies Teacher at Albany Leadership Charter High School for Girls, Department Chair, Aspiring Teacher Leader \nFind me on LinkedIn!","protected":false,"verified":false,"followers_count":49,"friends_count":70,"listed_count":1,"favourites_count":157,"statuses_count":174,"created_at":"Tue Aug 13 02:01:21 +0000 2013","utc_offset":-28800,"time_zone":"Pacific Time (US & Canada)","geo_enabled":true,"lang":"en","contributors_enabled":false,"is_translator":false,"profile_background_color":"000000","profile_background_image_url":"http://abs.twimg.com/images/themes/theme1/bg.png","profile_background_image_url_https":"https://abs.twimg.com/images/themes/theme1/bg.png","profile_background_tile":false,"profile_link_color":"FA743E","profile_sidebar_border_color":"000000","profile_sidebar_fill_color":"000000","profile_text_color":"000000","profile_use_background_image":false,"profile_image_url":"http://pbs.twimg.com/profile_images/702692736084766720/5wqTST2p_normal.jpg","profile_image_url_https":"https://pbs.twimg.com/profile_images/702692736084766720/5wqTST2p_normal.jpg","profile_banner_url":"https://pbs.twimg.com/profile_banners/1666542037/1439087872","default_profile":false,"default_profile_image":false,"following":null,"follow_request_sent":null,"notifications":null},"geo":null,"coordinates":null,"place":{"id":"94965b2c45386f87","url":"https://api.twitter.com/1.1/geo/id/94965b2c45386f87.json","place_type":"admin","name":"New York","full_name":"New York, USA","country_code":"US","country":"United States","bounding_box":{"type":"Polygon","coordinates":[[[-79.76259,40.477383],[-79.76259,45.015851],[-71.777492,45.015851],[-71.777492,40.477383]]]},"attributes":{}},"contributors":null,"quoted_status_id":707756217951608800,"quoted_status_id_str":"707756217951608832","quoted_status":{"created_at":"Thu Mar 10 02:33:26 +0000 2016","id":707756217951608800,"id_str":"707756217951608832","text":"A4: The whole POINT of standards-based assessment is to keep high standards! (And then support Ss to meet them!) #sblchat","source":"<a href=\"https://about.twitter.com/products/tweetdeck\" rel=\"nofollow\">TweetDeck</a>","truncated":false,"in_reply_to_status_id":null,"in_reply_to_status_id_str":null,"in_reply_to_user_id":null,"in_reply_to_user_id_str":null,"in_reply_to_screen_name":null,"user":{"id":30278154,"id_str":"30278154","name":"Dave Mulder","screen_name":"d_mulder","location":"Iowa","url":"http://iteach-and-ilearn.blogspot.com/","description":"Christ-follower. Teacher Educator. Doctoral student. Husband of one and daddy of two. Oh, and geeky. Definitely geeky. My tweets speak only for me.","protected":false,"verified":false,"followers_count":2729,"friends_count":901,"listed_count":189,"favourites_count":16043,"statuses_count":17028,"created_at":"Fri Apr 10 18:27:10 +0000 2009","utc_offset":-21600,"time_zone":"Central Time (US & Canada)","geo_enabled":false,"lang":"en","contributors_enabled":false,"is_translator":false,"profile_background_color":"1A1B1F","profile_background_image_url":"http://abs.twimg.com/images/themes/theme9/bg.gif","profile_background_image_url_https":"https://abs.twimg.com/images/themes/theme9/bg.gif","profile_background_tile":false,"profile_link_color":"2FC2EF","profile_sidebar_border_color":"181A1E","profile_sidebar_fill_color":"252429","profile_text_color":"666666","profile_use_background_image":true,"profile_image_url":"http://pbs.twimg.com/profile_images/447008841780060160/NwYjy3wh_normal.jpeg","profile_image_url_https":"https://pbs.twimg.com/profile_images/447008841780060160/NwYjy3wh_normal.jpeg","profile_banner_url":"https://pbs.twimg.com/profile_banners/30278154/1456327049","default_profile":false,"default_profile_image":false,"following":null,"follow_request_sent":null,"notifications":null},"geo":null,"coordinates":null,"place":null,"contributors":null,"is_quote_status":false,"retweet_count":0,"favorite_count":0,"entities":{"hashtags":[{"text":"sblchat","indices":[113,121]}],"urls":[],"user_mentions":[],"symbols":[]},"favorited":false,"retweeted":false,"filter_level":"low","lang":"en"},"is_quote_status":true,"retweet_count":0,"favorite_count":0,"entities":{"hashtags":[{"text":"sblchat","indices":[92,100]}],"urls":[{"url":"https://t.co/gKfL9lmRSO","expanded_url":"https://twitter.com/d_mulder/status/707756217951608832","display_url":"twitter.com/d_mulder/statu…","indices":[102,125]}],"user_mentions":[],"symbols":[]},"favorited":false,"retweeted":false,"possibly_sensitive":false,"filter_level":"low","lang":"en","timestamp_ms":"1457577942137"},{"created_at":"Thu Mar 10 02:45:40 +0000 2016","id":707759297640452100,"id_str":"707759297640452097","text":"@eyeleanmore karmas a bitch https://t.co/y7ieAkzhhp","source":"<a href=\"http://twitter.com\" rel=\"nofollow\">Twitter Web Client</a>","truncated":false,"in_reply_to_status_id":707751176503238700,"in_reply_to_status_id_str":"707751176503238656","in_reply_to_user_id":552065754,"in_reply_to_user_id_str":"552065754","in_reply_to_screen_name":"eyeleanmore","user":{"id":292694263,"id_str":"292694263","name":"shawn choupani","screen_name":"choups91","location":"Montréal, Québec","url":"http://mytwitterbackgrounds.com/backgrounds/images/bg/82.jpg","description":"Hockey, football, tennis. why are you reading my bio","protected":false,"verified":false,"followers_count":213,"friends_count":193,"listed_count":5,"favourites_count":2091,"statuses_count":8487,"created_at":"Wed May 04 02:19:42 +0000 2011","utc_offset":null,"time_zone":null,"geo_enabled":true,"lang":"en","contributors_enabled":false,"is_translator":false,"profile_background_color":"C0DEED","profile_background_image_url":"http://abs.twimg.com/images/themes/theme1/bg.png","profile_background_image_url_https":"https://abs.twimg.com/images/themes/theme1/bg.png","profile_background_tile":false,"profile_link_color":"0084B4","profile_sidebar_border_color":"C0DEED","profile_sidebar_fill_color":"DDEEF6","profile_text_color":"333333","profile_use_background_image":true,"profile_image_url":"http://pbs.twimg.com/profile_images/612742742129643520/bruFYTQf_normal.jpg","profile_image_url_https":"https://pbs.twimg.com/profile_images/612742742129643520/bruFYTQf_normal.jpg","profile_banner_url":"https://pbs.twimg.com/profile_banners/292694263/1455994410","default_profile":true,"default_profile_image":false,"following":null,"follow_request_sent":null,"notifications":null},"geo":null,"coordinates":null,"place":{"id":"3376992a082d67c7","url":"https://api.twitter.com/1.1/geo/id/3376992a082d67c7.json","place_type":"country","name":"Canada","full_name":"Canada","country_code":"CA","country":"Canada","bounding_box":{"type":"Polygon","coordinates":[[[-141.561094,41.676329],[-141.561094,89.9999],[-51.053519,89.9999],[-51.053519,41.676329]]]},"attributes":{}},"contributors":null,"is_quote_status":false,"retweet_count":0,"favorite_count":0,"entities":{"hashtags":[],"urls":[],"user_mentions":[{"screen_name":"eyeleanmore","name":"Ilene Moore","id":552065754,"id_str":"552065754","indices":[0,12]}],"symbols":[],"media":[{"id":707759295190925300,"id_str":"707759295190925312","indices":[28,51],"media_url":"http://pbs.twimg.com/media/CdJ3VEBWAAA5Zlv.jpg","media_url_https":"https://pbs.twimg.com/media/CdJ3VEBWAAA5Zlv.jpg","url":"https://t.co/y7ieAkzhhp","display_url":"pic.twitter.com/y7ieAkzhhp","expanded_url":"http://twitter.com/choups91/status/707759297640452097/photo/1","type":"photo","sizes":{"large":{"w":1024,"h":1365,"resize":"fit"},"small":{"w":340,"h":453,"resize":"fit"},"medium":{"w":600,"h":800,"resize":"fit"},"thumb":{"w":150,"h":150,"resize":"crop"}}}]},"extended_entities":{"media":[{"id":707759295190925300,"id_str":"707759295190925312","indices":[28,51],"media_url":"http://pbs.twimg.com/media/CdJ3VEBWAAA5Zlv.jpg","media_url_https":"https://pbs.twimg.com/media/CdJ3VEBWAAA5Zlv.jpg","url":"https://t.co/y7ieAkzhhp","display_url":"pic.twitter.com/y7ieAkzhhp","expanded_url":"http://twitter.com/choups91/status/707759297640452097/photo/1","type":"photo","sizes":{"large":{"w":1024,"h":1365,"resize":"fit"},"small":{"w":340,"h":453,"resize":"fit"},"medium":{"w":600,"h":800,"resize":"fit"},"thumb":{"w":150,"h":150,"resize":"crop"}}}]},"favorited":false,"retweeted":false,"possibly_sensitive":false,"filter_level":"low","lang":"en","timestamp_ms":"1457577940746"},{"created_at":"Thu Mar 10 03:04:22 +0000 2016","id":707764003754221600,"id_str":"707764003754221568","text":"weed always on my mind now he's always on my mind","source":"<a href=\"http://twitter.com/download/iphone\" rel=\"nofollow\">Twitter for iPhone</a>","truncated":false,"in_reply_to_status_id":null,"in_reply_to_status_id_str":null,"in_reply_to_user_id":null,"in_reply_to_user_id_str":null,"in_reply_to_screen_name":null,"user":{"id":1589099851,"id_str":"1589099851","name":"hali","screen_name":"hlidnnistn","location":null,"url":"http://penguinheadnoah.tumblr.com/post/134708018861","description":"trash wang :-)","protected":false,"verified":false,"followers_count":241,"friends_count":28,"listed_count":1,"favourites_count":15434,"statuses_count":20593,"created_at":"Fri Jul 12 18:10:22 +0000 2013","utc_offset":-14400,"time_zone":"Atlantic Time (Canada)","geo_enabled":true,"lang":"en","contributors_enabled":false,"is_translator":false,"profile_background_color":"000000","profile_background_image_url":"http://abs.twimg.com/images/themes/theme15/bg.png","profile_background_image_url_https":"https://abs.twimg.com/images/themes/theme15/bg.png","profile_background_tile":false,"profile_link_color":"ABB8C2","profile_sidebar_border_color":"000000","profile_sidebar_fill_color":"000000","profile_text_color":"000000","profile_use_background_image":false,"profile_image_url":"http://pbs.twimg.com/profile_images/706575217477361664/TtpoMgup_normal.jpg","profile_image_url_https":"https://pbs.twimg.com/profile_images/706575217477361664/TtpoMgup_normal.jpg","profile_banner_url":"https://pbs.twimg.com/profile_banners/1589099851/1455458722","default_profile":false,"default_profile_image":false,"following":null,"follow_request_sent":null,"notifications":null},"geo":null,"coordinates":null,"place":{"id":"94965b2c45386f87","url":"https://api.twitter.com/1.1/geo/id/94965b2c45386f87.json","place_type":"admin","name":"New York","full_name":"New York, USA","country_code":"US","country":"United States","bounding_box":{"type":"Polygon","coordinates":[[[-79.76259,40.477383],[-79.76259,45.015851],[-71.777492,45.015851],[-71.777492,40.477383]]]},"attributes":{}},"contributors":null,"is_quote_status":false,"retweet_count":0,"favorite_count":0,"entities":{"hashtags":[],"urls":[],"user_mentions":[],"symbols":[]},"favorited":false,"retweeted":false,"filter_level":"low","lang":"en","timestamp_ms":"1457579062771"},{"created_at":"Thu Mar 10 03:04:23 +0000 2016","id":707764005809594400,"id_str":"707764005809594369","text":"Well their goes my idea of reselling tickets lol","source":"<a href=\"http://twitter.com/download/iphone\" rel=\"nofollow\">Twitter for iPhone</a>","truncated":false,"in_reply_to_status_id":null,"in_reply_to_status_id_str":null,"in_reply_to_user_id":null,"in_reply_to_user_id_str":null,"in_reply_to_screen_name":null,"user":{"id":1363282520,"id_str":"1363282520","name":"A$AP Esteban","screen_name":"eso_896","location":"United States","url":null,"description":"20 NYC , UA","protected":false,"verified":false,"followers_count":611,"friends_count":963,"listed_count":2,"favourites_count":5588,"statuses_count":13452,"created_at":"Fri Apr 19 01:07:20 +0000 2013","utc_offset":null,"time_zone":null,"geo_enabled":true,"lang":"en","contributors_enabled":false,"is_translator":false,"profile_background_color":"1F1A1D","profile_background_image_url":"http://pbs.twimg.com/profile_background_images/509109884831281153/sTxDdDFF.jpeg","profile_background_image_url_https":"https://pbs.twimg.com/profile_background_images/509109884831281153/sTxDdDFF.jpeg","profile_background_tile":false,"profile_link_color":"2FC2EF","profile_sidebar_border_color":"FFFFFF","profile_sidebar_fill_color":"DDEEF6","profile_text_color":"333333","profile_use_background_image":true,"profile_image_url":"http://pbs.twimg.com/profile_images/706201142087315456/coxt15Nd_normal.jpg","profile_image_url_https":"https://pbs.twimg.com/profile_images/706201142087315456/coxt15Nd_normal.jpg","profile_banner_url":"https://pbs.twimg.com/profile_banners/1363282520/1456807312","default_profile":false,"default_profile_image":false,"following":null,"follow_request_sent":null,"notifications":null},"geo":null,"coordinates":null,"place":{"id":"94965b2c45386f87","url":"https://api.twitter.com/1.1/geo/id/94965b2c45386f87.json","place_type":"admin","name":"New York","full_name":"New York, USA","country_code":"US","country":"United States","bounding_box":{"type":"Polygon","coordinates":[[[-79.76259,40.477383],[-79.76259,45.015851],[-71.777492,45.015851],[-71.777492,40.477383]]]},"attributes":{}},"contributors":null,"is_quote_status":false,"retweet_count":0,"favorite_count":0,"entities":{"hashtags":[],"urls":[],"user_mentions":[],"symbols":[]},"favorited":false,"retweeted":false,"filter_level":"low","lang":"en","timestamp_ms":"1457579063261"},{"created_at":"Thu Mar 10 03:04:23 +0000 2016","id":707764008636514300,"id_str":"707764008636514304","text":"Parents Ignore Doctors’ “Doom and Gloom” Proposals, Give Birth to Miracle Baby at 23 Weeks\nhttps://t.co/p0wPoPmvXT https://t.co/Rjr7O4OkPd","source":"<a href=\"http://twitter.com\" rel=\"nofollow\">Twitter Web Client</a>","truncated":false,"in_reply_to_status_id":null,"in_reply_to_status_id_str":null,"in_reply_to_user_id":null,"in_reply_to_user_id_str":null,"in_reply_to_screen_name":null,"user":{"id":2364700938,"id_str":"2364700938","name":"Bill Morini","screen_name":"BMoriniSYR","location":null,"url":"https://www.facebook.com/bill.morini","description":"Christian, Husband, Father, Son, Brother","protected":false,"verified":false,"followers_count":252,"friends_count":307,"listed_count":32,"favourites_count":637,"statuses_count":17593,"created_at":"Thu Feb 27 22:21:21 +0000 2014","utc_offset":null,"time_zone":null,"geo_enabled":true,"lang":"en","contributors_enabled":false,"is_translator":false,"profile_background_color":"C0DEED","profile_background_image_url":"http://abs.twimg.com/images/themes/theme1/bg.png","profile_background_image_url_https":"https://abs.twimg.com/images/themes/theme1/bg.png","profile_background_tile":false,"profile_link_color":"0084B4","profile_sidebar_border_color":"C0DEED","profile_sidebar_fill_color":"DDEEF6","profile_text_color":"333333","profile_use_background_image":true,"profile_image_url":"http://pbs.twimg.com/profile_images/682802624471658496/T_BMyo3N_normal.jpg","profile_image_url_https":"https://pbs.twimg.com/profile_images/682802624471658496/T_BMyo3N_normal.jpg","profile_banner_url":"https://pbs.twimg.com/profile_banners/2364700938/1455342055","default_profile":true,"default_profile_image":false,"following":null,"follow_request_sent":null,"notifications":null},"geo":null,"coordinates":null,"place":{"id":"94965b2c45386f87","url":"https://api.twitter.com/1.1/geo/id/94965b2c45386f87.json","place_type":"admin","name":"New York","full_name":"New York, USA","country_code":"US","country":"United States","bounding_box":{"type":"Polygon","coordinates":[[[-79.76259,40.477383],[-79.76259,45.015851],[-71.777492,45.015851],[-71.777492,40.477383]]]},"attributes":{}},"contributors":null,"is_quote_status":false,"retweet_count":0,"favorite_count":0,"entities":{"hashtags":[],"urls":[{"url":"https://t.co/p0wPoPmvXT","expanded_url":"http://www.lifenews.com/2014/10/09/parents-ignore-doctors-doom-and-gloom-proposals-give-birth-to-miracle-baby-at-23-weeks/","display_url":"lifenews.com/2014/10/09/par…","indices":[91,114]}],"user_mentions":[],"symbols":[],"media":[{"id":707764008032596000,"id_str":"707764008032595968","indices":[115,138],"media_url":"http://pbs.twimg.com/media/CdJ7nYuW8AArQef.jpg","media_url_https":"https://pbs.twimg.com/media/CdJ7nYuW8AArQef.jpg","url":"https://t.co/Rjr7O4OkPd","display_url":"pic.twitter.com/Rjr7O4OkPd","expanded_url":"http://twitter.com/BMoriniSYR/status/707764008636514304/photo/1","type":"photo","sizes":{"large":{"w":555,"h":346,"resize":"fit"},"thumb":{"w":150,"h":150,"resize":"crop"},"medium":{"w":555,"h":346,"resize":"fit"},"small":{"w":340,"h":212,"resize":"fit"}}}]},"extended_entities":{"media":[{"id":707764008032596000,"id_str":"707764008032595968","indices":[115,138],"media_url":"http://pbs.twimg.com/media/CdJ7nYuW8AArQef.jpg","media_url_https":"https://pbs.twimg.com/media/CdJ7nYuW8AArQef.jpg","url":"https://t.co/Rjr7O4OkPd","display_url":"pic.twitter.com/Rjr7O4OkPd","expanded_url":"http://twitter.com/BMoriniSYR/status/707764008636514304/photo/1","type":"photo","sizes":{"large":{"w":555,"h":346,"resize":"fit"},"thumb":{"w":150,"h":150,"resize":"crop"},"medium":{"w":555,"h":346,"resize":"fit"},"small":{"w":340,"h":212,"resize":"fit"}}}]},"favorited":false,"retweeted":false,"possibly_sensitive":false,"filter_level":"low","lang":"en","timestamp_ms":"1457579063935"},{"created_at":"Thu Mar 10 03:04:26 +0000 2016","id":707764019466096600,"id_str":"707764019466096640","text":"@ArtSlott Besides the gun makers #BernieSanders protects? #DemDebate #ImWithHer","source":"<a href=\"http://twitter.com\" rel=\"nofollow\">Twitter Web Client</a>","truncated":false,"in_reply_to_status_id":707763402496540700,"in_reply_to_status_id_str":"707763402496540672","in_reply_to_user_id":1545630956,"in_reply_to_user_id_str":"1545630956","in_reply_to_screen_name":"ArtSlott","user":{"id":1545630956,"id_str":"1545630956","name":"Art","screen_name":"ArtSlott","location":"America","url":null,"description":"Progressive,no party owns all the answers, beware extremists. Nature, geopolitical, gardener,history,biotech science, truth, lattes,spiders,Hillary'16","protected":false,"verified":false,"followers_count":552,"friends_count":1746,"listed_count":50,"favourites_count":2280,"statuses_count":5414,"created_at":"Tue Jun 25 12:32:33 +0000 2013","utc_offset":null,"time_zone":null,"geo_enabled":true,"lang":"en","contributors_enabled":false,"is_translator":false,"profile_background_color":"000000","profile_background_image_url":"http://abs.twimg.com/images/themes/theme1/bg.png","profile_background_image_url_https":"https://abs.twimg.com/images/themes/theme1/bg.png","profile_background_tile":false,"profile_link_color":"00B324","profile_sidebar_border_color":"000000","profile_sidebar_fill_color":"000000","profile_text_color":"000000","profile_use_background_image":false,"profile_image_url":"http://pbs.twimg.com/profile_images/655103592047714304/XEVr5xdZ_normal.jpg","profile_image_url_https":"https://pbs.twimg.com/profile_images/655103592047714304/XEVr5xdZ_normal.jpg","profile_banner_url":"https://pbs.twimg.com/profile_banners/1545630956/1442960321","default_profile":false,"default_profile_image":false,"following":null,"follow_request_sent":null,"notifications":null},"geo":null,"coordinates":null,"place":{"id":"94965b2c45386f87","url":"https://api.twitter.com/1.1/geo/id/94965b2c45386f87.json","place_type":"admin","name":"New York","full_name":"New York, USA","country_code":"US","country":"United States","bounding_box":{"type":"Polygon","coordinates":[[[-79.76259,40.477383],[-79.76259,45.015851],[-71.777492,45.015851],[-71.777492,40.477383]]]},"attributes":{}},"contributors":null,"is_quote_status":false,"retweet_count":0,"favorite_count":0,"entities":{"hashtags":[{"text":"BernieSanders","indices":[33,47]},{"text":"DemDebate","indices":[58,68]},{"text":"ImWithHer","indices":[69,79]}],"urls":[],"user_mentions":[{"screen_name":"ArtSlott","name":"Art","id":1545630956,"id_str":"1545630956","indices":[0,9]}],"symbols":[]},"favorited":false,"retweeted":false,"filter_level":"low","lang":"en","timestamp_ms":"1457579066517"},{"created_at":"Thu Mar 10 03:04:31 +0000 2016","id":707764039472910300,"id_str":"707764039472910336","text":"Love pretty bitches with ambition","source":"<a href=\"http://twitter.com/download/iphone\" rel=\"nofollow\">Twitter for iPhone</a>","truncated":false,"in_reply_to_status_id":null,"in_reply_to_status_id_str":null,"in_reply_to_user_id":null,"in_reply_to_user_id_str":null,"in_reply_to_screen_name":null,"user":{"id":288874039,"id_str":"288874039","name":"Mike DiTrOVO","screen_name":"DrizzyDrakeDoe","location":"The Endzone. / NY✈️❓❔","url":"https://play.google.com/store/apps/details?id=com.blurb.recorder","description":"If ya got it ya got it, its in your veins. #OVOcrew I'll take heart over talent, everytime. 'To infinity and beyond' #25 Paradise. IG: _TheBoy_25 #TheValley #D1","protected":false,"verified":false,"followers_count":1265,"friends_count":735,"listed_count":5,"favourites_count":36808,"statuses_count":60245,"created_at":"Wed Apr 27 16:14:04 +0000 2011","utc_offset":-18000,"time_zone":"Quito","geo_enabled":true,"lang":"en","contributors_enabled":false,"is_translator":false,"profile_background_color":"000000","profile_background_image_url":"http://abs.twimg.com/images/themes/theme19/bg.gif","profile_background_image_url_https":"https://abs.twimg.com/images/themes/theme19/bg.gif","profile_background_tile":false,"profile_link_color":"F5ABB5","profile_sidebar_border_color":"000000","profile_sidebar_fill_color":"000000","profile_text_color":"000000","profile_use_background_image":false,"profile_image_url":"http://pbs.twimg.com/profile_images/703709283611836416/kHlcHzo-_normal.jpg","profile_image_url_https":"https://pbs.twimg.com/profile_images/703709283611836416/kHlcHzo-_normal.jpg","profile_banner_url":"https://pbs.twimg.com/profile_banners/288874039/1457487357","default_profile":false,"default_profile_image":false,"following":null,"follow_request_sent":null,"notifications":null},"geo":null,"coordinates":null,"place":{"id":"94965b2c45386f87","url":"https://api.twitter.com/1.1/geo/id/94965b2c45386f87.json","place_type":"admin","name":"New York","full_name":"New York, USA","country_code":"US","country":"United States","bounding_box":{"type":"Polygon","coordinates":[[[-79.76259,40.477383],[-79.76259,45.015851],[-71.777492,45.015851],[-71.777492,40.477383]]]},"attributes":{}},"contributors":null,"is_quote_status":false,"retweet_count":0,"favorite_count":0,"entities":{"hashtags":[],"urls":[],"user_mentions":[],"symbols":[]},"favorited":false,"retweeted":false,"filter_level":"low","lang":"en","timestamp_ms":"1457579071287"},{"created_at":"Thu Mar 10 03:05:58 +0000 2016","id":707764405971378200,"id_str":"707764405971378176","text":"RT vegasnewsnow \"Trump International faces April hearing over labor complaint https://t.co/5iUACRwIkT #lasvegas https://t.co/dVnxulsAnm\"","source":"<a href=\"http://ifttt.com\" rel=\"nofollow\">IFTTT</a>","truncated":false,"in_reply_to_status_id":null,"in_reply_to_status_id_str":null,"in_reply_to_user_id":null,"in_reply_to_user_id_str":null,"in_reply_to_screen_name":null,"user":{"id":4590056716,"id_str":"4590056716","name":"LasVegasSEO","screen_name":"SEOExpertVegas","location":"Las Vegas, NV","url":null,"description":"Las Vegas Digital Marketing Agency specializing in ECommerce, Enterprise SEO campaigns. Local Seo- Las Vegas  NV Call 855-983-0303 http://goo.gl/R4gEIO","protected":false,"verified":false,"followers_count":312,"friends_count":5,"listed_count":284,"favourites_count":0,"statuses_count":46110,"created_at":"Thu Dec 24 14:20:01 +0000 2015","utc_offset":-28800,"time_zone":"Pacific Time (US & Canada)","geo_enabled":true,"lang":"en","contributors_enabled":false,"is_translator":false,"profile_background_color":"F5F8FA","profile_background_image_url":"","profile_background_image_url_https":"","profile_background_tile":false,"profile_link_color":"2B7BB9","profile_sidebar_border_color":"C0DEED","profile_sidebar_fill_color":"DDEEF6","profile_text_color":"333333","profile_use_background_image":true,"profile_image_url":"http://pbs.twimg.com/profile_images/680030734963191808/X_3tE9gC_normal.png","profile_image_url_https":"https://pbs.twimg.com/profile_images/680030734963191808/X_3tE9gC_normal.png","profile_banner_url":"https://pbs.twimg.com/profile_banners/4590056716/1450967173","default_profile":true,"default_profile_image":false,"following":null,"follow_request_sent":null,"notifications":null},"geo":null,"coordinates":null,"place":null,"contributors":null,"is_quote_status":false,"retweet_count":0,"favorite_count":0,"entities":{"hashtags":[{"text":"lasvegas","indices":[102,111]}],"urls":[{"url":"https://t.co/5iUACRwIkT","expanded_url":"http://dlvr.it/KkxJxM","display_url":"dlvr.it/KkxJxM","indices":[78,101]}],"user_mentions":[],"symbols":[],"media":[{"id":707763184111738900,"id_str":"707763184111738881","indices":[112,135],"media_url":"http://pbs.twimg.com/media/CdJ63bYUYAEJVSR.jpg","media_url_https":"https://pbs.twimg.com/media/CdJ63bYUYAEJVSR.jpg","url":"https://t.co/dVnxulsAnm","display_url":"pic.twitter.com/dVnxulsAnm","expanded_url":"http://twitter.com/vegasnewsnow/status/707763184321454080/photo/1","type":"photo","sizes":{"small":{"w":340,"h":174,"resize":"fit"},"thumb":{"w":150,"h":150,"resize":"crop"},"large":{"w":378,"h":193,"resize":"fit"},"medium":{"w":378,"h":193,"resize":"fit"}},"source_status_id":707763184321454100,"source_status_id_str":"707763184321454080","source_user_id":58353084,"source_user_id_str":"58353084"}]},"extended_entities":{"media":[{"id":707763184111738900,"id_str":"707763184111738881","indices":[112,135],"media_url":"http://pbs.twimg.com/media/CdJ63bYUYAEJVSR.jpg","media_url_https":"https://pbs.twimg.com/media/CdJ63bYUYAEJVSR.jpg","url":"https://t.co/dVnxulsAnm","display_url":"pic.twitter.com/dVnxulsAnm","expanded_url":"http://twitter.com/vegasnewsnow/status/707763184321454080/photo/1","type":"photo","sizes":{"small":{"w":340,"h":174,"resize":"fit"},"thumb":{"w":150,"h":150,"resize":"crop"},"large":{"w":378,"h":193,"resize":"fit"},"medium":{"w":378,"h":193,"resize":"fit"}},"source_status_id":707763184321454100,"source_status_id_str":"707763184321454080","source_user_id":58353084,"source_user_id_str":"58353084"}]},"favorited":false,"retweeted":false,"possibly_sensitive":false,"filter_level":"low","lang":"en","timestamp_ms":"1457579158667"},{"created_at":"Thu Mar 10 03:05:54 +0000 2016","id":707764386518032400,"id_str":"707764386518032384","text":"Chris Rickert: Dalai Lama's charms trump Madison's politics... https://t.co/YY6r2ofPX4 https://t.co/jfGgC5LxJv","source":"<a href=\"http://dalailamadailys.com\" rel=\"nofollow\">DalaiLamadailys</a>","truncated":false,"in_reply_to_status_id":null,"in_reply_to_status_id_str":null,"in_reply_to_user_id":null,"in_reply_to_user_id_str":null,"in_reply_to_screen_name":null,"user":{"id":4133967492,"id_str":"4133967492","name":"dalai lama fans","screen_name":"DalaiLamadailys","location":null,"url":null,"description":"Bacon geek. Subtly charming communicator. Typical writer. Passionate twitter enthusiast.\n #DalaiLama","protected":false,"verified":false,"followers_count":2085,"friends_count":4411,"listed_count":11,"favourites_count":289,"statuses_count":3170,"created_at":"Thu Nov 05 10:34:03 +0000 2015","utc_offset":-28800,"time_zone":"Pacific Time (US & Canada)","geo_enabled":false,"lang":"en","contributors_enabled":false,"is_translator":false,"profile_background_color":"C0DEED","profile_background_image_url":"http://abs.twimg.com/images/themes/theme1/bg.png","profile_background_image_url_https":"https://abs.twimg.com/images/themes/theme1/bg.png","profile_background_tile":false,"profile_link_color":"0084B4","profile_sidebar_border_color":"C0DEED","profile_sidebar_fill_color":"DDEEF6","profile_text_color":"333333","profile_use_background_image":true,"profile_image_url":"http://pbs.twimg.com/profile_images/686438967294595073/BJBLZJFV_normal.jpg","profile_image_url_https":"https://pbs.twimg.com/profile_images/686438967294595073/BJBLZJFV_normal.jpg","profile_banner_url":"https://pbs.twimg.com/profile_banners/4133967492/1452494775","default_profile":true,"default_profile_image":false,"following":null,"follow_request_sent":null,"notifications":null},"geo":null,"coordinates":null,"place":null,"contributors":null,"is_quote_status":false,"retweet_count":0,"favorite_count":0,"entities":{"hashtags":[],"urls":[{"url":"https://t.co/YY6r2ofPX4","expanded_url":"http://prt.news/aDoRvT","display_url":"prt.news/aDoRvT","indices":[63,86]}],"user_mentions":[],"symbols":[],"media":[{"id":707764386404782100,"id_str":"707764386404782080","indices":[87,110],"media_url":"http://pbs.twimg.com/media/CdJ79aRUUAAYIBj.jpg","media_url_https":"https://pbs.twimg.com/media/CdJ79aRUUAAYIBj.jpg","url":"https://t.co/jfGgC5LxJv","display_url":"pic.twitter.com/jfGgC5LxJv","expanded_url":"http://twitter.com/DalaiLamadailys/status/707764386518032384/photo/1","type":"photo","sizes":{"large":{"w":1024,"h":512,"resize":"fit"},"thumb":{"w":150,"h":150,"resize":"crop"},"medium":{"w":600,"h":300,"resize":"fit"},"small":{"w":340,"h":170,"resize":"fit"}}}]},"extended_entities":{"media":[{"id":707764386404782100,"id_str":"707764386404782080","indices":[87,110],"media_url":"http://pbs.twimg.com/media/CdJ79aRUUAAYIBj.jpg","media_url_https":"https://pbs.twimg.com/media/CdJ79aRUUAAYIBj.jpg","url":"https://t.co/jfGgC5LxJv","display_url":"pic.twitter.com/jfGgC5LxJv","expanded_url":"http://twitter.com/DalaiLamadailys/status/707764386518032384/photo/1","type":"photo","sizes":{"large":{"w":1024,"h":512,"resize":"fit"},"thumb":{"w":150,"h":150,"resize":"crop"},"medium":{"w":600,"h":300,"resize":"fit"},"small":{"w":340,"h":170,"resize":"fit"}}}]},"favorited":false,"retweeted":false,"possibly_sensitive":false,"filter_level":"low","lang":"en","timestamp_ms":"1457579154029"},{"created_at":"Thu Mar 10 03:05:56 +0000 2016","id":707764396127158300,"id_str":"707764396127158273","text":"Poll, PPP (from October), 2016 Pennsylvania Presidential Election: Donald Trump (R) 45%, Hillary Clinton (D) 43%.","source":"<a href=\"https://mobile.twitter.com\" rel=\"nofollow\">Mobile Web (M2)</a>","truncated":false,"in_reply_to_status_id":null,"in_reply_to_status_id_str":null,"in_reply_to_user_id":null,"in_reply_to_user_id_str":null,"in_reply_to_screen_name":null,"user":{"id":101805404,"id_str":"101805404","name":"Scott","screen_name":"rockin4america","location":"Western USA","url":"http://www.facebook.com/jscottdavis.usa","description":"Republican, former U.S. Navy ~ Ringing the pop culture with waves of passion, patriotism & conservatism.  Bachelor of Science. Ex D.J., drummer, concert bouncer","protected":false,"verified":false,"followers_count":2911,"friends_count":3169,"listed_count":32,"favourites_count":50,"statuses_count":17830,"created_at":"Mon Jan 04 16:47:42 +0000 2010","utc_offset":-28800,"time_zone":"Pacific Time (US & Canada)","geo_enabled":false,"lang":"en","contributors_enabled":false,"is_translator":false,"profile_background_color":"C0DEED","profile_background_image_url":"http://abs.twimg.com/images/themes/theme1/bg.png","profile_background_image_url_https":"https://abs.twimg.com/images/themes/theme1/bg.png","profile_background_tile":false,"profile_link_color":"0084B4","profile_sidebar_border_color":"C0DEED","profile_sidebar_fill_color":"DDEEF6","profile_text_color":"333333","profile_use_background_image":true,"profile_image_url":"http://pbs.twimg.com/profile_images/493180242505105409/vLWW0OKS_normal.jpeg","profile_image_url_https":"https://pbs.twimg.com/profile_images/493180242505105409/vLWW0OKS_normal.jpeg","profile_banner_url":"https://pbs.twimg.com/profile_banners/101805404/1375833739","default_profile":true,"default_profile_image":false,"following":null,"follow_request_sent":null,"notifications":null},"geo":null,"coordinates":null,"place":null,"contributors":null,"is_quote_status":false,"retweet_count":0,"favorite_count":0,"entities":{"hashtags":[],"urls":[],"user_mentions":[],"symbols":[]},"favorited":false,"retweeted":false,"filter_level":"low","lang":"en","timestamp_ms":"1457579156320"},{"created_at":"Thu Mar 10 03:05:54 +0000 2016","id":707764387520618500,"id_str":"707764387520618496","text":"Fox News Poll: Trump Has Double Rubio's Support in Florida https://t.co/eYd58PYrxO #Newsmax via @Newsmax_Media","source":"<a href=\"http://linkis.com\" rel=\"nofollow\">Linkis.com</a>","truncated":false,"in_reply_to_status_id":null,"in_reply_to_status_id_str":null,"in_reply_to_user_id":null,"in_reply_to_user_id_str":null,"in_reply_to_screen_name":null,"user":{"id":747566978,"id_str":"747566978","name":"Histerrabella","screen_name":"cheryl_abe","location":"AMERICAN","url":null,"description":"Parent, Grandparent, I love kids, and animals, and esp. this Country. I know liars and cheaters go hand in hand, and I detest both.","protected":false,"verified":false,"followers_count":1298,"friends_count":1258,"listed_count":70,"favourites_count":12952,"statuses_count":30165,"created_at":"Thu Aug 09 17:04:10 +0000 2012","utc_offset":-18000,"time_zone":"Eastern Time (US & Canada)","geo_enabled":true,"lang":"en","contributors_enabled":false,"is_translator":false,"profile_background_color":"C0DEED","profile_background_image_url":"http://abs.twimg.com/images/themes/theme1/bg.png","profile_background_image_url_https":"https://abs.twimg.com/images/themes/theme1/bg.png","profile_background_tile":false,"profile_link_color":"0084B4","profile_sidebar_border_color":"C0DEED","profile_sidebar_fill_color":"DDEEF6","profile_text_color":"333333","profile_use_background_image":true,"profile_image_url":"http://pbs.twimg.com/profile_images/565372738739904513/5AFQOrM1_normal.png","profile_image_url_https":"https://pbs.twimg.com/profile_images/565372738739904513/5AFQOrM1_normal.png","default_profile":true,"default_profile_image":false,"following":null,"follow_request_sent":null,"notifications":null},"geo":null,"coordinates":null,"place":null,"contributors":null,"is_quote_status":false,"retweet_count":0,"favorite_count":0,"entities":{"hashtags":[{"text":"Newsmax","indices":[83,91]}],"urls":[{"url":"https://t.co/eYd58PYrxO","expanded_url":"http://ln.is/www.newsmax.com/Head/XKXdf","display_url":"ln.is/www.newsmax.co…","indices":[59,82]}],"user_mentions":[{"screen_name":"Newsmax_Media","name":"Newsmax","id":20545835,"id_str":"20545835","indices":[96,110]}],"symbols":[]},"favorited":false,"retweeted":false,"possibly_sensitive":false,"filter_level":"low","lang":"en","timestamp_ms":"1457579154268"},{"created_at":"Thu Mar 10 03:05:54 +0000 2016","id":707764389756022800,"id_str":"707764389756022784","text":"RT @ohStephaniesab: Like in 2008, she stated she hates Obama Care &amp; now 2016, she's the biggest supporter. Phony candidate.  https://t.co/W…","source":"<a href=\"http://twitter.com\" rel=\"nofollow\">Twitter Web Client</a>","truncated":false,"in_reply_to_status_id":null,"in_reply_to_status_id_str":null,"in_reply_to_user_id":null,"in_reply_to_user_id_str":null,"in_reply_to_screen_name":null,"user":{"id":443488355,"id_str":"443488355","name":"julie","screen_name":"itsjuliemulie","location":"#BRULIE","url":"https://twitter.com/taylorswift13/status/526512380214517761","description":"UCLA '19","protected":false,"verified":false,"followers_count":380,"friends_count":292,"listed_count":4,"favourites_count":9323,"statuses_count":23964,"created_at":"Thu Dec 22 07:00:54 +0000 2011","utc_offset":-28800,"time_zone":"Pacific Time (US & Canada)","geo_enabled":false,"lang":"en","contributors_enabled":false,"is_translator":false,"profile_background_color":"FFFFFF","profile_background_image_url":"http://pbs.twimg.com/profile_background_images/447912088342503425/Ove0mFqP.jpeg","profile_background_image_url_https":"https://pbs.twimg.com/profile_background_images/447912088342503425/Ove0mFqP.jpeg","profile_background_tile":false,"profile_link_color":"9E2C36","profile_sidebar_border_color":"FFFFFF","profile_sidebar_fill_color":"18181A","profile_text_color":"A3A39E","profile_use_background_image":true,"profile_image_url":"http://pbs.twimg.com/profile_images/683130362575228929/3AxYYeGS_normal.jpg","profile_image_url_https":"https://pbs.twimg.com/profile_images/683130362575228929/3AxYYeGS_normal.jpg","profile_banner_url":"https://pbs.twimg.com/profile_banners/443488355/1451706806","default_profile":false,"default_profile_image":false,"following":null,"follow_request_sent":null,"notifications":null},"geo":null,"coordinates":null,"place":null,"contributors":null,"retweeted_status":{"created_at":"Thu Mar 10 03:03:42 +0000 2016","id":707763833553551400,"id_str":"707763833553551360","text":"Like in 2008, she stated she hates Obama Care &amp; now 2016, she's the biggest supporter. Phony candidate.  https://t.co/W22IjJfacc","source":"<a href=\"http://twitter.com\" rel=\"nofollow\">Twitter Web Client</a>","truncated":false,"in_reply_to_status_id":null,"in_reply_to_status_id_str":null,"in_reply_to_user_id":null,"in_reply_to_user_id_str":null,"in_reply_to_screen_name":null,"user":{"id":519923039,"id_str":"519923039","name":"Stephanie","screen_name":"ohStephaniesab","location":null,"url":"http://instagram.com/stephaniesab","description":null,"protected":false,"verified":false,"followers_count":214,"friends_count":165,"listed_count":1,"favourites_count":1468,"statuses_count":2033,"created_at":"Fri Mar 09 23:40:53 +0000 2012","utc_offset":-18000,"time_zone":"Eastern Time (US & Canada)","geo_enabled":false,"lang":"en","contributors_enabled":false,"is_translator":false,"profile_background_color":"FCF2FC","profile_background_image_url":"http://pbs.twimg.com/profile_background_images/744375136/bbc57ee10d46819a206ae76951114ffb.gif","profile_background_image_url_https":"https://pbs.twimg.com/profile_background_images/744375136/bbc57ee10d46819a206ae76951114ffb.gif","profile_background_tile":true,"profile_link_color":"000000","profile_sidebar_border_color":"FFFFFF","profile_sidebar_fill_color":"DDEEF6","profile_text_color":"333333","profile_use_background_image":true,"profile_image_url":"http://pbs.twimg.com/profile_images/678449193468342273/5_lmzD_y_normal.jpg","profile_image_url_https":"https://pbs.twimg.com/profile_images/678449193468342273/5_lmzD_y_normal.jpg","profile_banner_url":"https://pbs.twimg.com/profile_banners/519923039/1450589870","default_profile":false,"default_profile_image":false,"following":null,"follow_request_sent":null,"notifications":null},"geo":null,"coordinates":null,"place":null,"contributors":null,"quoted_status_id":707762870751072300,"quoted_status_id_str":"707762870751072256","quoted_status":{"created_at":"Thu Mar 10 02:59:52 +0000 2016","id":707762870751072300,"id_str":"707762870751072256","text":"IMO, Hillary is worse than Trump. At least Trump is outright honest with his beliefs. Hillary will lie and say anything to get into office.","source":"<a href=\"http://twitter.com\" rel=\"nofollow\">Twitter Web Client</a>","truncated":false,"in_reply_to_status_id":null,"in_reply_to_status_id_str":null,"in_reply_to_user_id":null,"in_reply_to_user_id_str":null,"in_reply_to_screen_name":null,"user":{"id":443488355,"id_str":"443488355","name":"julie","screen_name":"itsjuliemulie","location":"#BRULIE","url":"https://twitter.com/taylorswift13/status/526512380214517761","description":"UCLA '19","protected":false,"verified":false,"followers_count":380,"friends_count":292,"listed_count":4,"favourites_count":9323,"statuses_count":23963,"created_at":"Thu Dec 22 07:00:54 +0000 2011","utc_offset":-28800,"time_zone":"Pacific Time (US & Canada)","geo_enabled":false,"lang":"en","contributors_enabled":false,"is_translator":false,"profile_background_color":"FFFFFF","profile_background_image_url":"http://pbs.twimg.com/profile_background_images/447912088342503425/Ove0mFqP.jpeg","profile_background_image_url_https":"https://pbs.twimg.com/profile_background_images/447912088342503425/Ove0mFqP.jpeg","profile_background_tile":false,"profile_link_color":"9E2C36","profile_sidebar_border_color":"FFFFFF","profile_sidebar_fill_color":"18181A","profile_text_color":"A3A39E","profile_use_background_image":true,"profile_image_url":"http://pbs.twimg.com/profile_images/683130362575228929/3AxYYeGS_normal.jpg","profile_image_url_https":"https://pbs.twimg.com/profile_images/683130362575228929/3AxYYeGS_normal.jpg","profile_banner_url":"https://pbs.twimg.com/profile_banners/443488355/1451706806","default_profile":false,"default_profile_image":false,"following":null,"follow_request_sent":null,"notifications":null},"geo":null,"coordinates":null,"place":null,"contributors":null,"is_quote_status":false,"retweet_count":0,"favorite_count":0,"entities":{"hashtags":[],"urls":[],"user_mentions":[],"symbols":[]},"favorited":false,"retweeted":false,"filter_level":"low","lang":"en"},"is_quote_status":true,"retweet_count":1,"favorite_count":0,"entities":{"hashtags":[],"urls":[{"url":"https://t.co/W22IjJfacc","expanded_url":"https://twitter.com/itsjuliemulie/status/707762870751072256","display_url":"twitter.com/itsjuliemulie/…","indices":[109,132]}],"user_mentions":[],"symbols":[]},"favorited":false,"retweeted":false,"possibly_sensitive":false,"filter_level":"low","lang":"en"},"is_quote_status":true,"retweet_count":0,"favorite_count":0,"entities":{"hashtags":[],"urls":[{"url":"https://t.co/W22IjJfacc","expanded_url":"https://twitter.com/itsjuliemulie/status/707762870751072256","display_url":"twitter.com/itsjuliemulie/…","indices":[129,144]}],"user_mentions":[{"screen_name":"ohStephaniesab","name":"Stephanie","id":519923039,"id_str":"519923039","indices":[3,18]}],"symbols":[]},"favorited":false,"retweeted":false,"possibly_sensitive":false,"filter_level":"low","lang":"en","timestamp_ms":"1457579154801"},{"created_at":"Thu Mar 10 03:19:04 +0000 2016","id":707767702950191100,"id_str":"707767702950191107","text":"@MarianoMarchon  ESTUDIAR jajaja","source":"<a href=\"http://twitter.com\" rel=\"nofollow\">Twitter Web Client</a>","truncated":false,"in_reply_to_status_id":707767486624763900,"in_reply_to_status_id_str":"707767486624763905","in_reply_to_user_id":3198338528,"in_reply_to_user_id_str":"3198338528","in_reply_to_screen_name":"MarianoMarchon","user":{"id":2236627956,"id_str":"2236627956","name":"juam","screen_name":"juanveronok","location":"San Luis, Argentina","url":"https://www.facebook.com/juanveronok","description":"GEMINIANO//NTVG//PR//LA RENGA//CjS//#Boca y nada mas #soga.wpp: 2664029747 https://www.instagram.com/juan.veron/","protected":false,"verified":false,"followers_count":524,"friends_count":291,"listed_count":1,"favourites_count":2278,"statuses_count":4816,"created_at":"Sun Dec 08 21:53:34 +0000 2013","utc_offset":-10800,"time_zone":"Buenos Aires","geo_enabled":true,"lang":"es","contributors_enabled":false,"is_translator":false,"profile_background_color":"000000","profile_background_image_url":"http://abs.twimg.com/images/themes/theme14/bg.gif","profile_background_image_url_https":"https://abs.twimg.com/images/themes/theme14/bg.gif","profile_background_tile":false,"profile_link_color":"9266CC","profile_sidebar_border_color":"000000","profile_sidebar_fill_color":"000000","profile_text_color":"000000","profile_use_background_image":false,"profile_image_url":"http://pbs.twimg.com/profile_images/707256492467101696/rCWEbrf2_normal.jpg","profile_image_url_https":"https://pbs.twimg.com/profile_images/707256492467101696/rCWEbrf2_normal.jpg","profile_banner_url":"https://pbs.twimg.com/profile_banners/2236627956/1457457992","default_profile":false,"default_profile_image":false,"following":null,"follow_request_sent":null,"notifications":null},"geo":null,"coordinates":null,"place":{"id":"94965b2c45386f87","url":"https://api.twitter.com/1.1/geo/id/94965b2c45386f87.json","place_type":"admin","name":"Nueva York","full_name":"Nueva York, USA","country_code":"US","country":"United States","bounding_box":{"type":"Polygon","coordinates":[[[-79.76259,40.477383],[-79.76259,45.015851],[-71.777492,45.015851],[-71.777492,40.477383]]]},"attributes":{}},"contributors":null,"is_quote_status":false,"retweet_count":0,"favorite_count":0,"entities":{"hashtags":[],"urls":[],"user_mentions":[{"screen_name":"MarianoMarchon","name":"Mariano","id":3198338528,"id_str":"3198338528","indices":[0,15]}],"symbols":[]},"favorited":false,"retweeted":false,"filter_level":"low","lang":"es","timestamp_ms":"1457579944728"},{"created_at":"Thu Mar 10 03:19:01 +0000 2016","id":707767688496599000,"id_str":"707767688496599040","text":"@Geefar_ OMG YEAH I LVOE FOUR ROOMS","source":"<a href=\"http://twitter.com\" rel=\"nofollow\">Twitter Web Client</a>","truncated":false,"in_reply_to_status_id":707767507856269300,"in_reply_to_status_id_str":"707767507856269312","in_reply_to_user_id":573751133,"in_reply_to_user_id_str":"573751133","in_reply_to_screen_name":"Geefar_","user":{"id":486075637,"id_str":"486075637","name":"out of this world","screen_name":"cosmosnauts","location":"she/her","url":"http://letterboxd.com/deaineira/","description":"maggie / tag yourself i'm the endless void","protected":false,"verified":false,"followers_count":218,"friends_count":381,"listed_count":13,"favourites_count":88390,"statuses_count":67250,"created_at":"Tue Feb 07 22:08:08 +0000 2012","utc_offset":-18000,"time_zone":"Eastern Time (US & Canada)","geo_enabled":true,"lang":"en","contributors_enabled":false,"is_translator":false,"profile_background_color":"1A1B1F","profile_background_image_url":"http://pbs.twimg.com/profile_background_images/535952771141218304/ZtWanVuO.jpeg","profile_background_image_url_https":"https://pbs.twimg.com/profile_background_images/535952771141218304/ZtWanVuO.jpeg","profile_background_tile":true,"profile_link_color":"FA743E","profile_sidebar_border_color":"FFFFFF","profile_sidebar_fill_color":"DDEEF6","profile_text_color":"333333","profile_use_background_image":true,"profile_image_url":"http://pbs.twimg.com/profile_images/706227363835744256/3jT5jTQ9_normal.jpg","profile_image_url_https":"https://pbs.twimg.com/profile_images/706227363835744256/3jT5jTQ9_normal.jpg","profile_banner_url":"https://pbs.twimg.com/profile_banners/486075637/1454183849","default_profile":false,"default_profile_image":false,"following":null,"follow_request_sent":null,"notifications":null},"geo":null,"coordinates":null,"place":{"id":"3376992a082d67c7","url":"https://api.twitter.com/1.1/geo/id/3376992a082d67c7.json","place_type":"country","name":"Canada","full_name":"Canada","country_code":"CA","country":"Canada","bounding_box":{"type":"Polygon","coordinates":[[[-141.561094,41.676329],[-141.561094,89.9999],[-51.053519,89.9999],[-51.053519,41.676329]]]},"attributes":{}},"contributors":null,"is_quote_status":false,"retweet_count":0,"favorite_count":0,"entities":{"hashtags":[],"urls":[],"user_mentions":[{"screen_name":"Geefar_","name":"Georgia","id":573751133,"id_str":"573751133","indices":[0,8]}],"symbols":[]},"favorited":false,"retweeted":false,"filter_level":"low","lang":"en","timestamp_ms":"1457579941282"},{"created_at":"Thu Mar 10 03:19:14 +0000 2016","id":707767745241346000,"id_str":"707767745241346049","text":"#Univision moderators keep on cutting #Bernie off but not #Hillary. Terrible double standard","source":"<a href=\"http://twitter.com/download/iphone\" rel=\"nofollow\">Twitter for iPhone</a>","truncated":false,"in_reply_to_status_id":null,"in_reply_to_status_id_str":null,"in_reply_to_user_id":null,"in_reply_to_user_id_str":null,"in_reply_to_screen_name":null,"user":{"id":117804245,"id_str":"117804245","name":"Alessandra Farkas","screen_name":"afarkasny","location":"New York","url":null,"description":"Journalist and blogger @Corriereny. Amerigo Prize winner. Author: Pranzo di famiglia, Cosa resta della Letteratura.","protected":false,"verified":true,"followers_count":1494,"friends_count":81,"listed_count":54,"favourites_count":63,"statuses_count":1024,"created_at":"Fri Feb 26 17:30:51 +0000 2010","utc_offset":-18000,"time_zone":"Eastern Time (US & Canada)","geo_enabled":true,"lang":"en","contributors_enabled":false,"is_translator":false,"profile_background_color":"C0DEED","profile_background_image_url":"http://abs.twimg.com/images/themes/theme1/bg.png","profile_background_image_url_https":"https://abs.twimg.com/images/themes/theme1/bg.png","profile_background_tile":false,"profile_link_color":"0084B4","profile_sidebar_border_color":"C0DEED","profile_sidebar_fill_color":"DDEEF6","profile_text_color":"333333","profile_use_background_image":true,"profile_image_url":"http://pbs.twimg.com/profile_images/1180980808/Alessandra_Farkas_Corriere_normal.jpg","profile_image_url_https":"https://pbs.twimg.com/profile_images/1180980808/Alessandra_Farkas_Corriere_normal.jpg","default_profile":true,"default_profile_image":false,"following":null,"follow_request_sent":null,"notifications":null},"geo":null,"coordinates":null,"place":{"id":"94965b2c45386f87","url":"https://api.twitter.com/1.1/geo/id/94965b2c45386f87.json","place_type":"admin","name":"New York","full_name":"New York, USA","country_code":"US","country":"United States","bounding_box":{"type":"Polygon","coordinates":[[[-79.76259,40.477383],[-79.76259,45.015851],[-71.777492,45.015851],[-71.777492,40.477383]]]},"attributes":{}},"contributors":null,"is_quote_status":false,"retweet_count":0,"favorite_count":0,"entities":{"hashtags":[{"text":"Univision","indices":[0,10]},{"text":"Bernie","indices":[38,45]},{"text":"Hillary","indices":[58,66]}],"urls":[],"user_mentions":[],"symbols":[]},"favorited":false,"retweeted":false,"filter_level":"low","lang":"en","timestamp_ms":"1457579954811"},{"created_at":"Thu Mar 10 03:19:17 +0000 2016","id":707767755399770100,"id_str":"707767755399770112","text":"my mom went to Walmart and came back with lettuce and popcorn chicken.. #youok?","source":"<a href=\"http://twitter.com/download/iphone\" rel=\"nofollow\">Twitter for iPhone</a>","truncated":false,"in_reply_to_status_id":null,"in_reply_to_status_id_str":null,"in_reply_to_user_id":null,"in_reply_to_user_id_str":null,"in_reply_to_screen_name":null,"user":{"id":1094055642,"id_str":"1094055642","name":"brookiebomb","screen_name":"brooklynnlee_","location":null,"url":null,"description":"jamie told me to change my bio so here it is","protected":false,"verified":false,"followers_count":364,"friends_count":409,"listed_count":0,"favourites_count":3929,"statuses_count":4052,"created_at":"Wed Jan 16 04:04:27 +0000 2013","utc_offset":null,"time_zone":null,"geo_enabled":true,"lang":"en","contributors_enabled":false,"is_translator":false,"profile_background_color":"C0DEED","profile_background_image_url":"http://abs.twimg.com/images/themes/theme1/bg.png","profile_background_image_url_https":"https://abs.twimg.com/images/themes/theme1/bg.png","profile_background_tile":false,"profile_link_color":"0084B4","profile_sidebar_border_color":"C0DEED","profile_sidebar_fill_color":"DDEEF6","profile_text_color":"333333","profile_use_background_image":true,"profile_image_url":"http://pbs.twimg.com/profile_images/704133321958141954/qPi4KQ2w_normal.jpg","profile_image_url_https":"https://pbs.twimg.com/profile_images/704133321958141954/qPi4KQ2w_normal.jpg","profile_banner_url":"https://pbs.twimg.com/profile_banners/1094055642/1456188870","default_profile":true,"default_profile_image":false,"following":null,"follow_request_sent":null,"notifications":null},"geo":null,"coordinates":null,"place":{"id":"94965b2c45386f87","url":"https://api.twitter.com/1.1/geo/id/94965b2c45386f87.json","place_type":"admin","name":"New York","full_name":"New York, USA","country_code":"US","country":"United States","bounding_box":{"type":"Polygon","coordinates":[[[-79.76259,40.477383],[-79.76259,45.015851],[-71.777492,45.015851],[-71.777492,40.477383]]]},"attributes":{}},"contributors":null,"is_quote_status":false,"retweet_count":0,"favorite_count":0,"entities":{"hashtags":[{"text":"youok","indices":[72,78]}],"urls":[],"user_mentions":[],"symbols":[]},"favorited":false,"retweeted":false,"filter_level":"low","lang":"en","timestamp_ms":"1457579957233"},{"created_at":"Thu Mar 10 03:19:20 +0000 2016","id":707767768746164200,"id_str":"707767768746164224","text":"@colvinj those are trump steaks only inasmuch as they belong to him.the sharper image no longer sells steaks.","source":"<a href=\"http://twitter.com\" rel=\"nofollow\">Twitter Web Client</a>","truncated":false,"in_reply_to_status_id":707356847066497000,"in_reply_to_status_id_str":"707356847066497026","in_reply_to_user_id":20660342,"in_reply_to_user_id_str":"20660342","in_reply_to_screen_name":"colvinj","user":{"id":345643533,"id_str":"345643533","name":"billy runaway","screen_name":"billyrunaway","location":null,"url":null,"description":null,"protected":false,"verified":false,"followers_count":556,"friends_count":1362,"listed_count":42,"favourites_count":39057,"statuses_count":75724,"created_at":"Sat Jul 30 23:12:58 +0000 2011","utc_offset":null,"time_zone":null,"geo_enabled":true,"lang":"en","contributors_enabled":false,"is_translator":false,"profile_background_color":"C0DEED","profile_background_image_url":"http://abs.twimg.com/images/themes/theme1/bg.png","profile_background_image_url_https":"https://abs.twimg.com/images/themes/theme1/bg.png","profile_background_tile":false,"profile_link_color":"0084B4","profile_sidebar_border_color":"C0DEED","profile_sidebar_fill_color":"DDEEF6","profile_text_color":"333333","profile_use_background_image":true,"profile_image_url":"http://pbs.twimg.com/profile_images/3020963176/9db5ffe79bfcca20040e3c837e124bf7_normal.jpeg","profile_image_url_https":"https://pbs.twimg.com/profile_images/3020963176/9db5ffe79bfcca20040e3c837e124bf7_normal.jpeg","default_profile":true,"default_profile_image":false,"following":null,"follow_request_sent":null,"notifications":null},"geo":null,"coordinates":null,"place":{"id":"3376992a082d67c7","url":"https://api.twitter.com/1.1/geo/id/3376992a082d67c7.json","place_type":"country","name":"Canada","full_name":"Canada","country_code":"CA","country":"Canada","bounding_box":{"type":"Polygon","coordinates":[[[-141.561094,41.676329],[-141.561094,89.9999],[-51.053519,89.9999],[-51.053519,41.676329]]]},"attributes":{}},"contributors":null,"is_quote_status":false,"retweet_count":0,"favorite_count":0,"entities":{"hashtags":[],"urls":[],"user_mentions":[{"screen_name":"colvinj","name":"Jill Colvin","id":20660342,"id_str":"20660342","indices":[0,8]}],"symbols":[]},"favorited":false,"retweeted":false,"filter_level":"low","lang":"en","timestamp_ms":"1457579960415"}]